{
  "lang":"en",
  "name":"pipeline",
  "version":"0.0.0",
  "spacy_version":">=3.7.5,<3.8.0",
  "description":"",
  "author":"",
  "email":"",
  "url":"",
  "license":"",
  "spacy_git_version":"a6d0fc360",
  "vectors":{
    "width":0,
    "vectors":0,
    "keys":0,
    "name":null,
    "mode":"default"
  },
  "labels":{
    "tok2vec":[

    ],
    "ner":[
      "ANALYSIS",
      "EXPERIMENT",
      "FLUID",
      "SAMPLE"
    ]
  },
  "pipeline":[
    "tok2vec",
    "ner"
  ],
  "components":[
    "tok2vec",
    "ner"
  ],
  "disabled":[

  ],
  "performance":{
    "ents_f":0.9615384615,
    "ents_p":0.9615384615,
    "ents_r":0.9615384615,
    "ents_per_type":{
      "SAMPLE":{
        "p":1.0,
        "r":1.0,
        "f":1.0
      },
      "EXPERIMENT":{
        "p":1.0,
        "r":1.0,
        "f":1.0
      },
      "ANALYSIS":{
        "p":1.0,
        "r":1.0,
        "f":1.0
      },
      "FLUID":{
        "p":0.8461538462,
        "r":0.8461538462,
        "f":0.8461538462
      }
    },
    "tok2vec_loss":3.6305490965,
    "ner_loss":12.1317432859
  }
}